{"charErrorRates": [0.8578420467185762, 0.392880978865406, 0.2872525027808676, 0.22794215795328143, 0.19621802002224695, 0.18131256952169078, 0.1699666295884316, 0.1625806451612903, 0.1546607341490545, 0.14905450500556172, 0.15977753058954394, 0.1410901001112347, 0.14562847608453838, 0.13152391546162404, 0.12952169076751946, 0.12872080088987764, 0.12916573971078976, 0.13303670745272525, 0.12191323692992213, 0.12329254727474973, 0.12022246941045606, 0.12324805339265851, 0.11955506117908787, 0.12191323692992213, 0.12102335928809789, 0.11915461624026696, 0.11844271412680757, 0.1203559510567297, 0.12124582869855395, 0.11443826473859844, 0.12093437152391547, 0.11555061179087875, 0.11408231368186875, 0.11568409343715239, 0.11261401557285873, 0.11399332591768632, 0.11234705228031146, 0.11684093437152392, 0.11172413793103449, 0.11337041156840934, 0.11430478309232481, 0.11408231368186875, 0.11087875417130144, 0.11555061179087875, 0.11123470522803114, 0.11145717463848721, 0.11052280311457174, 0.11234705228031146, 0.11230255839822025, 0.11301446051167964, 0.11256952169076752, 0.1146607341490545, 0.11167964404894327, 0.11003337041156841, 0.11123470522803114, 0.10932146829810901, 0.11025583982202447, 0.11337041156840934, 0.10771968854282536, 0.11136818687430479, 0.11221357063403782, 0.11061179087875417, 0.11457174638487208, 0.11261401557285873, 0.11270300333704115, 0.11377085650723026, 0.11430478309232481, 0.11083426028921023, 0.10958843159065629, 0.11012235817575083, 0.11403781979977753, 0.10883203559510567, 0.111412680756396, 0.11078976640711902], "wordAccuracies": [0.11706555671175858, 0.3206729101630246, 0.4417273673257024, 0.5178633368019424, 0.5709330558446063, 0.594346167186958, 0.6115157821713493, 0.6240027748872702, 0.6462018730489074, 0.6505376344086021, 0.6279916753381893, 0.6673603884842179, 0.6590357266736039, 0.6867845993756504, 0.6866111689212626, 0.6902532084634062, 0.6878251821019771, 0.6834894207422824, 0.7074228234477974, 0.703607353451266, 0.7048213666319806, 0.7001387443635102, 0.7101977107180021, 0.7067291016302463, 0.7088102670828997, 0.7098508498092265, 0.7157474852584114, 0.7141866111689212, 0.7147069025320847, 0.7214706902532084, 0.7112382934443289, 0.7240721470690253, 0.7275407561567812, 0.7238987166146376, 0.7263267429760666, 0.7221644120707597, 0.7270204647936177, 0.7169614984391259, 0.7278876170655567, 0.722684703433923, 0.7240721470690253, 0.7263267429760666, 0.7292750607006591, 0.7197363857093305, 0.7304890738813735, 0.7327436697884149, 0.7292750607006591, 0.7275407561567812, 0.7249392993409642, 0.72840790842872, 0.7277141866111689, 0.7244190079778009, 0.7304890738813735, 0.7349982656954561, 0.7299687825182102, 0.7384668747832119, 0.7329171002428027, 0.7238987166146376, 0.7377731529656608, 0.7330905306971904, 0.7280610475199445, 0.7329171002428027, 0.7268470343392299, 0.7282344779743323, 0.7280610475199445, 0.7252861602497399, 0.7223378425251474, 0.7336108220603538, 0.7337842525147416, 0.7355185570586195, 0.72840790842872, 0.7396808879639265, 0.7323968088796393, 0.7329171002428027]}